<?xml version="1.0"?>
<pagescount>
	<html_total>10</html_total>
	<html_done>10</html_done>
	<images>45</images>
	<script>17</script>
	<css>12</css>
	<pdf/>
	<doc/>
	<xls/>
	<ppt/>
	<swf/>
	<mp3/>
	<mp4/>
	<xml/>
	<json>1</json>
	<txt/>
	<autocad/>
	<fonts>16</fonts>
	<scraping_reload>1</scraping_reload>
	<is_pretty_url>false</is_pretty_url>
	<is_ebn>false</is_ebn>
	<email>tom2ram@gmail.com</email>
	<theme_name>453161</theme_name>
	<server_url_front_page>https://www6.waybackmachinedownloader.com/wdo/files/demo/0xprashant.in_tom2ram_gmail.com_k1h8tveb5i/</server_url_front_page>
	<no_www_url>0xprashant.in</no_www_url>
	<hosted_domain/>
	<original_archive_url>https://0xprashant.in/</original_archive_url>
	<final_archive_url>https://0xprashant.in/</final_archive_url>
	<front_page_code_date/>
	<total_urls_from_api/>
	<max_reached_live>false</max_reached_live>
	<scrape_other_captures>false</scrape_other_captures>
	<total_size>8328</total_size>
</pagescount>
